Hunter Name,Impact Score,Reports,Points,Rank,Contact URL,Contact Name
rabhi,17.21,4611,69702,1,https://twitter.com/issam_rabhi,@issam_rabhi
Xel,26.25,756,17035,3,https://yeswehack.com/redirect?url=https%253A%252F%252Fwww.linkedin.com%252Fin%252Fraphaelarrouas%252F&expires=1739721582&token=d79c217c65126ea15b9496b65872e3ca9362ab9c4613f31d9f488e9a4a7abfe2,www.linkedin.com/in/raphaelarrouas/
Noam,20.67,341,6230,17,https://twitter.com/Noam_Hamnich,@Noam_Hamnich
Ric0s,20.46,130,2074,93,Not found,Not found
c14dd49h,15.46,382,5346,21,https://twitter.com/c14dd49h,@c14dd49h
