BugTag,Date,Hunter
"Improper Access Control - Generic (CWE-284)","Fri, 14 Feb 2025","securebytes"
"Insecure Direct Object Reference (IDOR) (CWE-639)","Fri, 14 Feb 2025","konstanz2412"
"Improper Authentication - Generic (CWE-287)","Fri, 14 Feb 2025","nb1b3k"
"Acceptance of Extraneous Untrusted Data With Trusted Data - Cache Poisoning (CWE-349)","Fri, 14 Feb 2025","bytehx"
"Insecure Direct Object Reference (IDOR) (CWE-639)","Fri, 14 Feb 2025","napoghunter"
"Acceptance of Extraneous Untrusted Data With Trusted Data - Cache Poisoning (CWE-349)","Fri, 14 Feb 2025","bytehx"
"Acceptance of Extraneous Untrusted Data With Trusted Data - Cache Poisoning (CWE-349)","Fri, 14 Feb 2025","bytehx"
"Acceptance of Extraneous Untrusted Data With Trusted Data - Cache Poisoning (CWE-349)","Fri, 14 Feb 2025","bytehx"
"Acceptance of Extraneous Untrusted Data With Trusted Data - Cache Poisoning (CWE-349)","Fri, 14 Feb 2025","bytehx"
"Insecure Direct Object Reference (IDOR) (CWE-639)","Fri, 14 Feb 2025","hack3r_0"
"Acceptance of Extraneous Untrusted Data With Trusted Data - Cache Poisoning (CWE-349)","Fri, 14 Feb 2025","bytehx"
"Information Disclosure (CWE-200)","Fri, 14 Feb 2025","renceftw"
"Insufficient Session Expiration (CWE-613)","Fri, 14 Feb 2025","goodmanhero1337"
"Acceptance of Extraneous Untrusted Data With Trusted Data - Cache Poisoning (CWE-349)","Fri, 14 Feb 2025","bytehx"
"Improper Authentication - Generic (CWE-287)","Fri, 14 Feb 2025","HackerJoe"
"HTML Injection (CWE-79)","Fri, 14 Feb 2025","Archer09"
"Cross-site Scripting (XSS) - DOM (CWE-79)","Fri, 14 Feb 2025","YannApostrophe"
"Cross-site Scripting (XSS) - Reflected (CWE-79)","Fri, 14 Feb 2025","ola0"
"Denial of Service (CWE-400)","Fri, 14 Feb 2025","c14dd49h"
"Cross-site Scripting (XSS) - Stored (CWE-79)","Fri, 14 Feb 2025","khimluck4"
"Improper Authentication - Generic (CWE-287)","Fri, 14 Feb 2025","seek404"
"Cross-site Scripting (XSS) - Reflected (CWE-79)","Fri, 14 Feb 2025","rabhi"
"Improper Authentication - Generic (CWE-287)","Fri, 14 Feb 2025","seek404"
"Improper Authentication - Generic (CWE-287)","Fri, 14 Feb 2025","seek404"
"Improper Authentication - Generic (CWE-287)","Fri, 14 Feb 2025","seek404"
"Improper Authentication - Generic (CWE-287)","Fri, 14 Feb 2025","seek404"
"Acceptance of Extraneous Untrusted Data With Trusted Data - Cache Poisoning (CWE-349)","Fri, 14 Feb 2025","bytehx"
"Improper Access Control - Generic (CWE-284)","Fri, 14 Feb 2025","miguelse"
"Insecure Direct Object Reference (IDOR) (CWE-639)","Fri, 14 Feb 2025","hakupiku"
"SQL Injection (CWE-89)","Fri, 14 Feb 2025","hakupiku"
"Information Disclosure (CWE-200)","Fri, 14 Feb 2025","HackerJoe"
"Insecure Direct Object Reference (IDOR) (CWE-639)","Fri, 14 Feb 2025","seek404"
"Insecure Direct Object Reference (IDOR) (CWE-639)","Fri, 14 Feb 2025","root_geek"
"Information Disclosure (CWE-200)","Fri, 14 Feb 2025","root_geek"
"Cleartext Transmission of Sensitive Information (CWE-319)","Fri, 14 Feb 2025","venuskali"
"Improper Authentication - Generic (CWE-287)","Fri, 14 Feb 2025","DragonX"
"Information Disclosure (CWE-200)","Fri, 14 Feb 2025","ROHIT_White_devil"
"Cross-site Scripting (XSS) - Reflected (CWE-79)","Fri, 14 Feb 2025","GoDiego"
"Cross-Site Request Forgery (CSRF) (CWE-352)","Fri, 14 Feb 2025","Zeeebox55"
"Improper Authentication - Generic (CWE-287)","Fri, 14 Feb 2025","_0f1c3r_"
"Violation of Secure Design Principles (CWE-657)","Fri, 14 Feb 2025","nilesh"
"Code Injection (CWE-94)","Fri, 14 Feb 2025","ch1cknhunt3r"
"Insecure Direct Object Reference (IDOR) (CWE-639)","Fri, 14 Feb 2025","pocsir"
"Cross-site Scripting (XSS) - Reflected (CWE-79)","Fri, 14 Feb 2025","wzw"
"Path Traversal (CWE-22)","Fri, 14 Feb 2025","localhost"
"Insecure Direct Object Reference (IDOR) (CWE-639)","Fri, 14 Feb 2025","rabhi"
"Cross-site Scripting (XSS) - Reflected (CWE-79)","Fri, 14 Feb 2025","HannanHaseeb"
"Out-of-bounds Read (CWE-125)","Fri, 14 Feb 2025","Alon_Z4"
"SQL Injection (CWE-89)","Thu, 13 Feb 2025","localhost"
"Violation of Secure Design Principles (CWE-657)","Thu, 13 Feb 2025","goodmanhero1337"
